"","household_id","age","income","home_ownership","marital_status","household_size","household_comp","kids_count"
"1","1","65+","35-49K","Homeowner","Married","2","2 Adults No Kids","0"
"2","1001","45-54","50-74K","Homeowner","Unmarried","1","1 Adult No Kids","0"
"3","1003","35-44","25-34K",NA,"Unmarried","1","1 Adult No Kids","0"
"4","1004","25-34","15-24K",NA,"Unmarried","1","1 Adult No Kids","0"
"5","101","45-54","Under 15K","Homeowner","Married","4","2 Adults Kids","2"
"6","1012","35-44","35-49K",NA,"Married","5+","2 Adults Kids","3+"
"7","1014","45-54","15-24K",NA,"Married","4","2 Adults Kids","2"
"8","1015","45-54","50-74K","Homeowner","Unmarried","1","1 Adult No Kids","0"
"9","1018","45-54","35-49K","Homeowner","Married","5+","2 Adults Kids","3+"
"10","1020","45-54","25-34K","Homeowner","Married","2","2 Adults No Kids","0"
"11","1021","35-44","50-74K","Homeowner","Married","5+","2 Adults Kids","3+"
"12","1024","25-34","Under 15K","Homeowner","Married","4","2 Adults Kids","2"
"13","1031","35-44","75-99K","Homeowner","Married","2","2 Adults No Kids","0"
"14","1038","55-64","Under 15K","Probable Renter","Unmarried","1","1 Adult No Kids","0"
"15","104","35-44","35-49K","Homeowner","Married","5+","2 Adults Kids","3+"
"16","1040","25-34","100-124K",NA,"Unmarried","1","1 Adult No Kids","0"
"17","1041","25-34","35-49K",NA,"Unmarried","1","1 Adult No Kids","0"
"18","1042","25-34","75-99K","Homeowner",NA,"2","2 Adults No Kids","0"
"19","1045","25-34","Under 15K","Homeowner","Married","2","1 Adult Kids","1"
"20","105","25-34","Under 15K","Homeowner","Unmarried","3","1 Adult Kids","2"
"21","1053","55-64","100-124K","Homeowner","Married","2","2 Adults No Kids","0"
"22","1057","35-44","50-74K",NA,"Unmarried","1","1 Adult No Kids","0"
"23","1060","35-44","35-49K","Renter","Unmarried","2","2 Adults No Kids","0"
"24","1062","65+","15-24K","Homeowner",NA,"2","2 Adults No Kids","0"
"25","1066","35-44","25-34K",NA,NA,"2","2 Adults No Kids","0"
"26","1069","25-34","35-49K",NA,NA,"2","2 Adults No Kids","0"
"27","1070","35-44","50-74K","Homeowner",NA,"2","2 Adults No Kids","0"
"28","1074","45-54","35-49K","Homeowner","Married","4","2 Adults Kids","2"
"29","1076","25-34","35-49K","Homeowner","Unmarried","2","2 Adults No Kids","0"
"30","1081","55-64","75-99K","Homeowner","Married","2","2 Adults No Kids","0"
"31","1082","45-54","35-49K",NA,"Unmarried","1","1 Adult No Kids","0"
"32","1084","25-34","35-49K",NA,NA,"3","2 Adults Kids","1"
"33","109","25-34","15-24K","Homeowner","Married","2","1 Adult Kids","1"
"34","1091","45-54","75-99K","Homeowner","Married","2","2 Adults No Kids","0"
"35","1094","45-54","75-99K","Homeowner","Married","5+","2 Adults Kids","3+"
"36","110","25-34","35-49K","Homeowner","Unmarried","1","1 Adult No Kids","0"
"37","1103","35-44","50-74K","Homeowner","Married","3","2 Adults Kids","1"
"38","1113","45-54","50-74K","Homeowner","Married","3","2 Adults Kids","1"
"39","1120","35-44","Under 15K","Renter","Unmarried","4","2 Adults Kids","2"
"40","1123","55-64","15-24K",NA,"Married","2","1 Adult Kids","1"
"41","1128","25-34","75-99K",NA,NA,"3","2 Adults Kids","1"
"42","113","35-44","125-149K","Homeowner","Married","4","2 Adults Kids","2"
"43","1130","55-64","25-34K","Renter",NA,"3","2 Adults Kids","1"
"44","1131","45-54","50-74K","Homeowner","Unmarried","3","2 Adults Kids","1"
"45","1135","45-54","50-74K",NA,"Unmarried","2","1 Adult Kids","1"
"46","1137","65+","35-49K","Homeowner","Unmarried","1","1 Adult No Kids","0"
"47","1138","35-44","15-24K",NA,NA,"2","2 Adults No Kids","0"
"48","114","25-34","35-49K","Homeowner",NA,"2","2 Adults No Kids","0"
"49","1142","45-54","50-74K","Homeowner","Married","2","2 Adults No Kids","0"
"50","1146","35-44","35-49K","Homeowner","Unmarried","4","1 Adult Kids","3+"
"51","1147","19-24","25-34K",NA,NA,"2","2 Adults No Kids","0"
"52","1151","45-54","Under 15K","Probable Renter","Unmarried","1","1 Adult No Kids","0"
"53","1154","45-54","35-49K","Homeowner","Married","2","2 Adults No Kids","0"
"54","1158","45-54","15-24K","Homeowner",NA,"2","2 Adults No Kids","0"
"55","1159","45-54","15-24K","Homeowner","Married","2","2 Adults No Kids","0"
"56","1160","65+","35-49K","Homeowner","Unmarried","1","1 Adult No Kids","0"
"57","1163","35-44","Under 15K",NA,"Unmarried","1","1 Adult No Kids","0"
"58","1164","25-34","15-24K",NA,"Unmarried","1","1 Adult No Kids","0"
"59","1166","45-54","125-149K","Homeowner","Married","3","2 Adults Kids","1"
"60","1167","35-44","50-74K","Homeowner",NA,"4","2 Adults Kids","2"
"61","1169","19-24","15-24K","Homeowner","Married","2","2 Adults No Kids","0"
"62","117","65+","35-49K","Probable Homeowner","Unmarried","2","2 Adults No Kids","0"
"63","1172","25-34","50-74K",NA,"Unmarried","1","1 Adult No Kids","0"
"64","1174","25-34","Under 15K",NA,NA,"5+","2 Adults Kids","3+"
"65","1175","25-34","50-74K","Homeowner","Married","2","1 Adult Kids","1"
"66","1178","45-54","15-24K",NA,"Unmarried","1","1 Adult No Kids","0"
"67","1179","35-44","50-74K","Homeowner","Married","2","2 Adults No Kids","0"
"68","118","45-54","35-49K","Homeowner","Unmarried","1","1 Adult No Kids","0"
"69","1186","45-54","50-74K","Homeowner","Married","5+","1 Adult Kids","3+"
"70","1188","45-54","35-49K","Renter","Unmarried","1","1 Adult No Kids","0"
"71","119","45-54","125-149K",NA,"Unmarried","1","1 Adult No Kids","0"
"72","1190","25-34","35-49K","Homeowner",NA,"2","2 Adults No Kids","0"
"73","1197","35-44","150-174K","Homeowner","Married","2","2 Adults No Kids","0"
"74","121","45-54","25-34K",NA,NA,"3","2 Adults Kids","1"
"75","1218","45-54","35-49K","Homeowner","Married","4","2 Adults Kids","2"
"76","1219","19-24","15-24K","Homeowner","Married","3","2 Adults Kids","1"
"77","1222","45-54","15-24K","Homeowner","Unmarried","1","1 Adult No Kids","0"
"78","1226","25-34","35-49K","Homeowner","Unmarried","3","1 Adult Kids","2"
"79","1228","45-54","100-124K",NA,"Unmarried","1","1 Adult No Kids","0"
"80","1229","55-64","150-174K","Homeowner","Married","2","2 Adults No Kids","0"
"81","123","45-54","35-49K","Homeowner","Unmarried","2","2 Adults No Kids","0"
"82","1234","45-54","35-49K","Homeowner","Unmarried","2","2 Adults No Kids","0"
"83","1236","35-44","50-74K",NA,NA,"3","2 Adults Kids","1"
"84","1240","45-54","Under 15K","Homeowner",NA,"2","2 Adults No Kids","0"
"85","1247","35-44","35-49K","Homeowner","Married","2","2 Adults No Kids","0"
"86","1248","45-54","50-74K",NA,"Unmarried","2","1 Adult Kids","1"
"87","1256","45-54","50-74K",NA,"Unmarried","2","1 Adult Kids","1"
"88","1257","45-54","50-74K","Homeowner",NA,"3","2 Adults Kids","1"
"89","1258","45-54","75-99K","Homeowner","Unmarried","1","1 Adult No Kids","0"
"90","1260","65+","50-74K","Homeowner","Unmarried","1","1 Adult No Kids","0"
"91","1261","45-54","25-34K","Homeowner","Married","2","1 Adult Kids","1"
"92","1263","25-34","15-24K",NA,"Unmarried","1","1 Adult No Kids","0"
"93","1264","45-54","15-24K",NA,"Unmarried","1","1 Adult No Kids","0"
"94","1267","25-34","75-99K",NA,"Unmarried","1","1 Adult No Kids","0"
"95","1268","35-44","Under 15K","Homeowner",NA,"4","2 Adults Kids","2"
"96","127","45-54","25-34K",NA,"Unmarried","1","1 Adult No Kids","0"
"97","1270","45-54","15-24K",NA,"Unmarried","1","1 Adult No Kids","0"
"98","1272","65+","35-49K","Homeowner","Married","2","1 Adult Kids","1"
"99","1285","25-34","25-34K","Renter","Unmarried","3","1 Adult Kids","2"
"100","1291","55-64","35-49K","Homeowner","Married","2","1 Adult Kids","1"
"101","1296","65+","25-34K","Homeowner","Married","2","1 Adult Kids","1"
"102","1297","35-44","75-99K","Homeowner","Unmarried","1","1 Adult No Kids","0"
"103","1299","35-44","15-24K","Renter",NA,"4","2 Adults Kids","2"
"104","13","25-34","75-99K","Homeowner",NA,"4","2 Adults Kids","2"
"105","1300","45-54","50-74K","Homeowner","Married","4","2 Adults Kids","2"
"106","1305","19-24","Under 15K","Renter","Unmarried","2","1 Adult Kids","1"
"107","1306","45-54","Under 15K",NA,"Unmarried","1","1 Adult No Kids","0"
"108","131","45-54","50-74K",NA,NA,"2","2 Adults No Kids","0"
"109","1316","55-64","35-49K",NA,NA,"2","2 Adults No Kids","0"
"110","1318","65+","50-74K","Homeowner","Married","2","2 Adults No Kids","0"
"111","1321","19-24","35-49K",NA,NA,"2","2 Adults No Kids","0"
"112","1326","45-54","Under 15K","Homeowner","Unmarried","1","1 Adult No Kids","0"
"113","133","45-54","Under 15K","Homeowner","Married","2","1 Adult Kids","1"
"114","1333","45-54","125-149K","Homeowner",NA,"4","2 Adults Kids","2"
"115","1337","45-54","50-74K","Homeowner",NA,"4","2 Adults Kids","2"
"116","134","55-64","25-34K","Homeowner","Married","2","1 Adult Kids","1"
"117","1352","35-44","75-99K","Homeowner",NA,"2","2 Adults No Kids","0"
"118","1354","65+","15-24K","Homeowner","Unmarried","2","2 Adults No Kids","0"
"119","1357","55-64","25-34K","Homeowner","Married","2","2 Adults No Kids","0"
"120","136","45-54","50-74K",NA,"Unmarried","1","1 Adult No Kids","0"
"121","1363","25-34","15-24K",NA,"Unmarried","2","1 Adult Kids","1"
"122","1364","65+","100-124K","Homeowner","Unmarried","1","1 Adult No Kids","0"
"123","1367","35-44","75-99K","Homeowner",NA,"3","2 Adults Kids","1"
"124","1369","25-34","Under 15K","Probable Renter","Unmarried","1","1 Adult No Kids","0"
"125","1370","65+","25-34K","Homeowner",NA,"2","2 Adults No Kids","0"
"126","1376","55-64","50-74K","Homeowner","Unmarried","1","1 Adult No Kids","0"
"127","1378","25-34","100-124K",NA,"Unmarried","1","1 Adult No Kids","0"
"128","1382","45-54","50-74K","Homeowner",NA,"2","2 Adults No Kids","0"
"129","1388","35-44","100-124K",NA,"Married","3","2 Adults Kids","1"
"130","1389","65+","100-124K","Homeowner","Married","2","1 Adult Kids","1"
"131","139","35-44","75-99K","Homeowner","Unmarried","1","1 Adult No Kids","0"
"132","1391","45-54","50-74K","Homeowner","Married","2","2 Adults No Kids","0"
"133","1393","35-44","150-174K","Homeowner","Unmarried","1","1 Adult No Kids","0"
"134","1394","45-54","50-74K","Homeowner","Married","2","2 Adults No Kids","0"
"135","1396","65+","125-149K","Homeowner","Married","2","2 Adults No Kids","0"
"136","1397","45-54","35-49K","Renter","Unmarried","1","1 Adult No Kids","0"
"137","1402","55-64","15-24K",NA,"Unmarried","1","1 Adult No Kids","0"
"138","1412","45-54","50-74K","Homeowner","Married","3","2 Adults Kids","1"
"139","1418","25-34","35-49K","Homeowner","Married","3","2 Adults Kids","1"
"140","1419","35-44","35-49K",NA,"Unmarried","1","1 Adult No Kids","0"
"141","1421","35-44","50-74K","Homeowner","Married","2","2 Adults No Kids","0"
"142","1423","45-54","15-24K",NA,"Unmarried","1","1 Adult No Kids","0"
"143","1425","19-24","50-74K",NA,"Unmarried","3","2 Adults Kids","1"
"144","1428","55-64","35-49K",NA,NA,"2","2 Adults No Kids","0"
"145","1429","45-54","35-49K","Renter","Unmarried","1","1 Adult No Kids","0"
"146","1430","35-44","35-49K","Homeowner","Married","3","2 Adults Kids","1"
"147","1437","25-34","15-24K","Homeowner","Married","3","1 Adult Kids","1"
"148","1438","45-54","Under 15K",NA,"Unmarried","1","1 Adult No Kids","0"
"149","1443","35-44","150-174K",NA,NA,"2","2 Adults No Kids","0"
"150","1445","35-44","Under 15K","Homeowner","Married","2","2 Adults No Kids","0"
"151","1451","45-54","125-149K","Homeowner","Married","5+","1 Adult Kids","3+"
"152","1452","45-54","25-34K",NA,"Married","3","2 Adults Kids","1"
"153","1453","45-54","125-149K","Homeowner","Married","3","2 Adults Kids","1"
"154","1454","65+","75-99K","Homeowner","Married","2","2 Adults No Kids","0"
"155","1461","35-44","25-34K","Homeowner",NA,"2","2 Adults No Kids","0"
"156","1462","25-34","50-74K","Renter","Married","2","2 Adults No Kids","0"
"157","1467","35-44","50-74K","Probable Homeowner","Married","4","2 Adults Kids","2"
"158","1468","65+","75-99K","Homeowner","Married","2","2 Adults No Kids","0"
"159","1470","45-54","35-49K",NA,"Unmarried","1","1 Adult No Kids","0"
"160","1474","35-44","50-74K","Homeowner","Unmarried","1","1 Adult No Kids","0"
"161","1475","25-34","50-74K","Homeowner","Unmarried","1","1 Adult No Kids","0"
"162","1479","45-54","15-24K","Probable Renter","Unmarried","1","1 Adult No Kids","0"
"163","1481","19-24","35-49K",NA,"Unmarried","1","1 Adult No Kids","0"
"164","1483","19-24","Under 15K",NA,"Unmarried","1","1 Adult No Kids","0"
"165","1484","19-24","35-49K","Homeowner","Married","2","2 Adults No Kids","0"
"166","1485","35-44","50-74K","Homeowner","Unmarried","1","1 Adult No Kids","0"
"167","1488","25-34","50-74K","Probable Homeowner","Married","2","1 Adult Kids","1"
"168","149","45-54","35-49K","Homeowner",NA,"2","2 Adults No Kids","0"
"169","1491","65+","35-49K","Homeowner",NA,"2","2 Adults No Kids","0"
"170","1492","65+","15-24K","Homeowner","Married","2","2 Adults No Kids","0"
"171","1494","65+","25-34K",NA,"Unmarried","1","1 Adult No Kids","0"
"172","1499","55-64","15-24K","Homeowner","Married","2","2 Adults No Kids","0"
"173","1505","45-54","25-34K",NA,"Unmarried","1","1 Adult No Kids","0"
"174","1509","45-54","50-74K","Homeowner","Married","2","2 Adults No Kids","0"
"175","1517","45-54","50-74K","Homeowner","Married","4","2 Adults Kids","2"
"176","1524","45-54","35-49K","Homeowner","Married","2","2 Adults No Kids","0"
"177","1527","25-34","50-74K","Homeowner","Married","2","2 Adults No Kids","0"
"178","1528","35-44","125-149K",NA,"Unmarried","1","1 Adult No Kids","0"
"179","1529","45-54","50-74K",NA,"Unmarried","1","1 Adult No Kids","0"
"180","1534","25-34","75-99K","Renter","Married","3","2 Adults Kids","1"
"181","1536","45-54","50-74K",NA,"Unmarried","1","1 Adult No Kids","0"
"182","1537","19-24","35-49K","Renter","Married","3","2 Adults Kids","1"
"183","1540","45-54","15-24K",NA,NA,"4","2 Adults Kids","2"
"184","1541","35-44","50-74K",NA,"Unmarried","1","1 Adult No Kids","0"
"185","1545","45-54","35-49K","Homeowner","Married","2","2 Adults No Kids","0"
"186","1549","45-54","15-24K","Homeowner","Unmarried","1","1 Adult No Kids","0"
"187","155","35-44","50-74K","Homeowner","Unmarried","3","2 Adults Kids","1"
"188","1556","45-54","35-49K","Homeowner","Married","2","2 Adults No Kids","0"
"189","1557","25-34","100-124K","Renter","Married","4","1 Adult Kids","2"
"190","1563","45-54","75-99K","Homeowner","Married","3","2 Adults Kids","1"
"191","1566","35-44","75-99K","Homeowner",NA,"2","2 Adults No Kids","0"
"192","1567","45-54","15-24K","Renter","Unmarried","1","1 Adult No Kids","0"
"193","1568","55-64","35-49K","Homeowner","Unmarried","1","1 Adult No Kids","0"
"194","157","19-24","15-24K","Homeowner",NA,"2","2 Adults No Kids","0"
"195","1572","35-44","75-99K","Homeowner","Married","2","2 Adults No Kids","0"
"196","1578","45-54","15-24K",NA,NA,"2","2 Adults No Kids","0"
"197","158","45-54","50-74K","Homeowner","Unmarried","1","1 Adult No Kids","0"
"198","1580","19-24","50-74K",NA,"Unmarried","2","2 Adults No Kids","0"
"199","1585","45-54","150-174K","Homeowner","Unmarried","1","1 Adult No Kids","0"
"200","1588","35-44","50-74K","Homeowner","Unmarried","1","1 Adult No Kids","0"
"201","159","45-54","Under 15K","Homeowner",NA,"2","2 Adults No Kids","0"
"202","1591","25-34","25-34K",NA,"Unmarried","1","1 Adult No Kids","0"
"203","1595","45-54","50-74K","Homeowner","Unmarried","1","1 Adult No Kids","0"
"204","16","45-54","50-74K","Homeowner","Unmarried","1","1 Adult No Kids","0"
"205","1604","35-44","35-49K","Probable Homeowner",NA,"2","2 Adults No Kids","0"
"206","1609","45-54","125-149K","Homeowner","Married","5+","2 Adults Kids","3+"
"207","161","19-24","75-99K",NA,"Married","3","2 Adults Kids","1"
"208","1618","35-44","75-99K","Homeowner","Married","2","1 Adult Kids","1"
"209","1627","25-34","35-49K",NA,"Unmarried","1","1 Adult No Kids","0"
"210","1631","19-24","Under 15K","Renter","Unmarried","4","1 Adult Kids","3+"
"211","1633","45-54","50-74K","Homeowner","Married","2","2 Adults No Kids","0"
"212","1634","25-34","35-49K","Homeowner","Married","5+","2 Adults Kids","3+"
"213","164","45-54","35-49K",NA,NA,"2","2 Adults No Kids","0"
"214","1648","35-44","15-24K","Probable Renter","Unmarried","1","1 Adult No Kids","0"
"215","1649","35-44","150-174K","Homeowner","Unmarried","1","1 Adult No Kids","0"
"216","165","55-64","35-49K","Homeowner","Married","2","2 Adults No Kids","0"
"217","1650","45-54","75-99K","Homeowner","Married","3","2 Adults Kids","1"
"218","1653","35-44","Under 15K","Homeowner","Unmarried","1","1 Adult No Kids","0"
"219","166","25-34","50-74K","Homeowner","Married","3","2 Adults Kids","1"
"220","1662","35-44","150-174K","Homeowner",NA,"2","2 Adults No Kids","0"
"221","1676","35-44","75-99K",NA,NA,"2","2 Adults No Kids","0"
"222","1677","45-54","75-99K","Homeowner","Married","2","2 Adults No Kids","0"
"223","1678","45-54","75-99K",NA,"Unmarried","1","1 Adult No Kids","0"
"224","1680","25-34","15-24K","Homeowner","Married","3","2 Adults Kids","1"
"225","1686","45-54","15-24K","Homeowner",NA,"2","2 Adults No Kids","0"
"226","1689","45-54","50-74K",NA,"Unmarried","1","1 Adult No Kids","0"
"227","1692","35-44","50-74K",NA,"Unmarried","1","1 Adult No Kids","0"
"228","1693","25-34","35-49K","Homeowner","Married","3","2 Adults Kids","1"
"229","1694","35-44","15-24K","Probable Renter","Unmarried","1","1 Adult No Kids","0"
"230","1695","35-44","25-34K","Homeowner","Unmarried","1","1 Adult No Kids","0"
"231","1696","45-54","50-74K","Homeowner","Married","3","2 Adults Kids","1"
"232","17","65+","Under 15K","Homeowner","Unmarried","2","2 Adults No Kids","0"
"233","170","25-34","100-124K","Homeowner","Married","4","2 Adults Kids","2"
"234","1707","35-44","25-34K",NA,"Unmarried","1","1 Adult No Kids","0"
"235","1708","45-54","25-34K",NA,"Unmarried","1","1 Adult No Kids","0"
"236","1709","25-34","35-49K",NA,"Married","3","2 Adults Kids","1"
"237","1710","35-44","150-174K","Homeowner","Married","2","1 Adult Kids","1"
"238","1720","45-54","50-74K",NA,"Unmarried","1","1 Adult No Kids","0"
"239","1722","45-54","15-24K",NA,NA,"2","2 Adults No Kids","0"
"240","1726","55-64","75-99K","Homeowner","Unmarried","1","1 Adult No Kids","0"
"241","1740","19-24","250K+",NA,"Unmarried","1","1 Adult No Kids","0"
"242","1745","45-54","Under 15K",NA,"Married","2","1 Adult Kids","1"
"243","1748","45-54","35-49K",NA,"Unmarried","1","1 Adult No Kids","0"
"244","1749","55-64","35-49K","Homeowner","Unmarried","1","1 Adult No Kids","0"
"245","1751","25-34","15-24K","Renter","Married","4","2 Adults Kids","2"
"246","1753","45-54","35-49K","Homeowner","Unmarried","1","1 Adult No Kids","0"
"247","1759","35-44","35-49K",NA,NA,"5+","2 Adults Kids","3+"
"248","1762","45-54","125-149K","Homeowner","Married","5+","2 Adults Kids","3+"
"249","1764","45-54","75-99K","Homeowner","Married","4","2 Adults Kids","2"
"250","1765","45-54","35-49K",NA,"Unmarried","1","1 Adult No Kids","0"
"251","1775","45-54","75-99K","Homeowner","Married","5+","2 Adults Kids","3+"
"252","1778","25-34","35-49K","Homeowner","Married","2","2 Adults No Kids","0"
"253","1779","65+","75-99K","Homeowner","Married","2","2 Adults No Kids","0"
"254","178","25-34","25-34K","Homeowner","Married","5+","1 Adult Kids","3+"
"255","1785","25-34","35-49K","Homeowner","Married","5+","2 Adults Kids","3+"
"256","1788","35-44","75-99K","Homeowner","Married","2","2 Adults No Kids","0"
"257","1791","45-54","100-124K","Homeowner","Unmarried","2","2 Adults No Kids","0"
"258","1795","45-54","25-34K","Homeowner",NA,"2","2 Adults No Kids","0"
"259","1796","19-24","35-49K",NA,"Unmarried","1","1 Adult No Kids","0"
"260","1797","65+","Under 15K","Homeowner","Unmarried","1","1 Adult No Kids","0"
"261","18","45-54","100-124K","Homeowner","Married","2","2 Adults No Kids","0"
"262","1800","35-44","175-199K","Homeowner","Married","2","2 Adults No Kids","0"
"263","1802","45-54","150-174K","Homeowner",NA,"2","2 Adults No Kids","0"
"264","1803","19-24","50-74K","Homeowner","Married","3","2 Adults Kids","1"
"265","1804","65+","35-49K","Homeowner","Married","2","2 Adults No Kids","0"
"266","1812","45-54","50-74K",NA,"Unmarried","1","1 Adult No Kids","0"
"267","1814","65+","150-174K","Homeowner",NA,"2","2 Adults No Kids","0"
"268","1815","45-54","25-34K",NA,NA,"2","2 Adults No Kids","0"
"269","1816","19-24","Under 15K","Renter","Unmarried","5+","2 Adults Kids","3+"
"270","1820","45-54","150-174K","Homeowner","Married","2","2 Adults No Kids","0"
"271","1822","55-64","35-49K",NA,NA,"2","2 Adults No Kids","0"
"272","1823","45-54","75-99K","Homeowner","Married","2","2 Adults No Kids","0"
"273","1829","65+","75-99K","Homeowner","Married","2","1 Adult Kids","1"
"274","1831","55-64","75-99K","Homeowner","Unmarried","1","1 Adult No Kids","0"
"275","1833","25-34","25-34K","Homeowner","Unmarried","5+","1 Adult Kids","3+"
"276","1834","45-54","125-149K","Homeowner",NA,"5+","2 Adults Kids","3+"
"277","184","45-54","25-34K",NA,"Unmarried","1","1 Adult No Kids","0"
"278","1841","45-54","35-49K","Homeowner","Unmarried","2","2 Adults No Kids","0"
"279","1844","45-54","250K+","Homeowner","Married","2","2 Adults No Kids","0"
"280","1845","45-54","175-199K",NA,NA,"3","2 Adults Kids","1"
"281","1847","45-54","175-199K",NA,"Unmarried","1","1 Adult No Kids","0"
"282","1848","45-54","75-99K","Homeowner","Married","3","2 Adults Kids","1"
"283","1850","65+","75-99K","Homeowner","Married","2","1 Adult Kids","1"
"284","1858","25-34","150-174K","Homeowner","Unmarried","1","1 Adult No Kids","0"
"285","1861","25-34","15-24K","Homeowner",NA,"4","2 Adults Kids","2"
"286","1864","45-54","125-149K","Homeowner","Unmarried","5+","1 Adult Kids","3+"
"287","1865","45-54","50-74K","Homeowner","Unmarried","1","1 Adult No Kids","0"
"288","1869","19-24","35-49K","Renter","Married","2","2 Adults No Kids","0"
"289","1873","35-44","15-24K",NA,"Unmarried","1","1 Adult No Kids","0"
"290","1879","65+","35-49K",NA,"Married","2","1 Adult Kids","1"
"291","1892","35-44","35-49K","Homeowner","Married","3","2 Adults Kids","1"
"292","1894","35-44","100-124K","Homeowner","Married","2","2 Adults No Kids","0"
"293","1896","45-54","50-74K","Homeowner","Married","2","2 Adults No Kids","0"
"294","1899","25-34","25-34K","Homeowner","Married","3","2 Adults Kids","1"
"295","19","35-44","15-24K",NA,"Unmarried","1","1 Adult No Kids","0"
"296","1901","45-54","35-49K","Homeowner",NA,"3","2 Adults Kids","1"
"297","1907","25-34","50-74K",NA,"Unmarried","1","1 Adult No Kids","0"
"298","1911","35-44","50-74K",NA,"Married","2","1 Adult Kids","1"
"299","1914","55-64","75-99K","Homeowner","Unmarried","1","1 Adult No Kids","0"
"300","1917","65+","15-24K",NA,"Unmarried","1","1 Adult No Kids","0"
"301","1919","35-44","35-49K","Homeowner","Married","5+","1 Adult Kids","3+"
"302","192","45-54","35-49K","Homeowner","Married","2","1 Adult Kids","1"
"303","1920","55-64","50-74K","Homeowner","Married","2","2 Adults No Kids","0"
"304","1921","35-44","35-49K","Homeowner","Married","2","2 Adults No Kids","0"
"305","1923","19-24","35-49K","Renter","Unmarried","1","1 Adult No Kids","0"
"306","1926","25-34","35-49K","Homeowner",NA,"2","2 Adults No Kids","0"
"307","1927","19-24","Under 15K",NA,"Unmarried","1","1 Adult No Kids","0"
"308","1928","35-44","75-99K","Homeowner","Unmarried","3","2 Adults Kids","1"
"309","1929","35-44","25-34K","Homeowner","Unmarried","1","1 Adult No Kids","0"
"310","193","45-54","75-99K","Homeowner","Married","2","2 Adults No Kids","0"
"311","1931","45-54","50-74K","Homeowner","Unmarried","1","1 Adult No Kids","0"
"312","1935","55-64","150-174K","Homeowner","Married","2","2 Adults No Kids","0"
"313","1937","45-54","50-74K","Homeowner","Married","2","2 Adults No Kids","0"
"314","1939","35-44","50-74K","Homeowner","Married","2","2 Adults No Kids","0"
"315","1944","25-34","125-149K","Homeowner",NA,"4","2 Adults Kids","2"
"316","1946","25-34","75-99K",NA,"Unmarried","1","1 Adult No Kids","0"
"317","1948","35-44","50-74K","Homeowner","Unmarried","1","1 Adult No Kids","0"
"318","1949","45-54","Under 15K",NA,"Unmarried","1","1 Adult No Kids","0"
"319","1953","45-54","50-74K","Homeowner","Unmarried","1","1 Adult No Kids","0"
"320","1955","25-34","35-49K",NA,"Unmarried","1","1 Adult No Kids","0"
"321","1962","65+","25-34K",NA,NA,"2","2 Adults No Kids","0"
"322","1964","65+","Under 15K","Renter","Unmarried","1","1 Adult No Kids","0"
"323","1965","25-34","50-74K","Homeowner","Married","3","2 Adults Kids","1"
"324","1975","35-44","75-99K","Renter","Unmarried","1","1 Adult No Kids","0"
"325","1976","25-34","50-74K","Homeowner","Married","5+","2 Adults Kids","3+"
"326","1979","45-54","150-174K",NA,NA,"3","2 Adults Kids","1"
"327","198","35-44","Under 15K","Homeowner","Married","3","2 Adults Kids","1"
"328","1980","55-64","50-74K","Homeowner","Married","2","1 Adult Kids","1"
"329","1982","25-34","100-124K",NA,"Unmarried","1","1 Adult No Kids","0"
"330","1985","25-34","50-74K",NA,NA,"5+","2 Adults Kids","3+"
"331","1989","65+","15-24K","Homeowner","Unmarried","1","1 Adult No Kids","0"
"332","1990","35-44","125-149K","Homeowner","Married","5+","2 Adults Kids","3+"
"333","1995","25-34","25-34K",NA,"Unmarried","3","1 Adult Kids","2"
"334","1997","25-34","50-74K",NA,"Unmarried","1","1 Adult No Kids","0"
"335","20","25-34","75-99K","Renter","Married","2","2 Adults No Kids","0"
"336","2002","35-44","35-49K","Homeowner","Unmarried","1","1 Adult No Kids","0"
"337","2004","45-54","50-74K",NA,"Unmarried","1","1 Adult No Kids","0"
"338","2006","45-54","Under 15K",NA,"Unmarried","1","1 Adult No Kids","0"
"339","2007","45-54","50-74K","Homeowner","Married","3","2 Adults Kids","1"
"340","201","45-54","15-24K","Homeowner","Married","5+","2 Adults Kids","3+"
"341","2011","45-54","75-99K","Homeowner","Unmarried","1","1 Adult No Kids","0"
"342","2012","45-54","25-34K","Renter","Married","2","1 Adult Kids","1"
"343","2013","19-24","25-34K",NA,"Unmarried","1","1 Adult No Kids","0"
"344","2017","45-54","75-99K","Homeowner","Married","2","2 Adults No Kids","0"
"345","2018","45-54","50-74K",NA,"Unmarried","1","1 Adult No Kids","0"
"346","2020","35-44","100-124K",NA,"Married","5+","2 Adults Kids","3+"
"347","2023","45-54","35-49K","Homeowner",NA,"3","2 Adults Kids","1"
"348","2024","25-34","125-149K","Homeowner","Unmarried","2","2 Adults No Kids","0"
"349","2030","35-44","75-99K","Homeowner","Unmarried","1","1 Adult No Kids","0"
"350","2040","25-34","25-34K","Homeowner","Unmarried","1","1 Adult No Kids","0"
"351","2041","35-44","35-49K","Renter","Unmarried","2","2 Adults No Kids","0"
"352","2050","35-44","25-34K","Homeowner","Married","5+","2 Adults Kids","3+"
"353","2053","45-54","15-24K","Homeowner","Married","2","2 Adults No Kids","0"
"354","2057","35-44","35-49K","Homeowner","Married","2","2 Adults No Kids","0"
"355","2058","25-34","125-149K","Homeowner","Unmarried","2","2 Adults No Kids","0"
"356","2062","25-34","25-34K",NA,NA,"2","2 Adults No Kids","0"
"357","2063","55-64","75-99K","Homeowner","Married","2","2 Adults No Kids","0"
"358","2064","19-24","50-74K",NA,"Unmarried","1","1 Adult No Kids","0"
"359","2068","55-64","50-74K","Homeowner","Married","2","1 Adult Kids","1"
"360","2069","35-44","15-24K",NA,"Unmarried","1","1 Adult No Kids","0"
"361","2070","45-54","50-74K",NA,"Unmarried","1","1 Adult No Kids","0"
"362","2076","25-34","100-124K","Homeowner","Married","3","2 Adults Kids","1"
"363","208","45-54","50-74K","Homeowner",NA,"2","2 Adults No Kids","0"
"364","2082","45-54","Under 15K","Homeowner","Married","3","2 Adults Kids","1"
"365","2084","55-64","125-149K","Homeowner","Married","2","2 Adults No Kids","0"
"366","2085","35-44","35-49K","Homeowner","Married","2","2 Adults No Kids","0"
"367","2086","45-54","25-34K","Homeowner","Married","2","2 Adults No Kids","0"
"368","2087","45-54","100-124K","Homeowner","Unmarried","1","1 Adult No Kids","0"
"369","2088","25-34","35-49K",NA,"Unmarried","1","1 Adult No Kids","0"
"370","209","45-54","25-34K","Homeowner",NA,"3","2 Adults Kids","1"
"371","2092","35-44","Under 15K","Homeowner","Married","3","1 Adult Kids","1"
"372","2094","45-54","50-74K","Homeowner","Married","2","2 Adults No Kids","0"
"373","2097","35-44","15-24K","Homeowner","Married","5+","2 Adults Kids","3+"
"374","2100","65+","35-49K","Homeowner","Married","2","2 Adults No Kids","0"
"375","2102","55-64","175-199K","Homeowner","Married","2","2 Adults No Kids","0"
"376","2107","35-44","75-99K","Homeowner","Married","5+","2 Adults Kids","3+"
"377","211","65+","35-49K","Homeowner","Married","2","1 Adult Kids","1"
"378","2110","35-44","125-149K","Homeowner","Married","2","2 Adults No Kids","0"
"379","2111","45-54","75-99K","Homeowner",NA,"2","2 Adults No Kids","0"
"380","2112","45-54","35-49K","Homeowner","Married","5+","2 Adults Kids","3+"
"381","2115","35-44","150-174K","Homeowner","Married","5+","2 Adults Kids","3+"
"382","2116","35-44","75-99K","Homeowner","Married","5+","2 Adults Kids","3+"
"383","2119","25-34","50-74K","Homeowner","Unmarried","1","1 Adult No Kids","0"
"384","212","35-44","Under 15K",NA,"Unmarried","1","1 Adult No Kids","0"
"385","2121","55-64","35-49K","Homeowner","Unmarried","2","2 Adults No Kids","0"
"386","2123","45-54","75-99K","Homeowner",NA,"2","2 Adults No Kids","0"
"387","2124","25-34","50-74K","Homeowner","Married","4","2 Adults Kids","2"
"388","2129","25-34","35-49K",NA,"Unmarried","2","1 Adult Kids","1"
"389","2130","25-34","50-74K","Homeowner","Unmarried","1","1 Adult No Kids","0"
"390","2133","55-64","100-124K",NA,"Married","2","2 Adults No Kids","0"
"391","2134","35-44","35-49K",NA,"Unmarried","1","1 Adult No Kids","0"
"392","214","55-64","Under 15K","Homeowner","Unmarried","2","2 Adults No Kids","0"
"393","2140","65+","15-24K","Homeowner","Married","2","2 Adults No Kids","0"
"394","2147","25-34","75-99K","Homeowner","Married","3","2 Adults Kids","1"
"395","2148","55-64","35-49K","Homeowner","Married","4","2 Adults Kids","2"
"396","2154","45-54","35-49K","Homeowner","Married","2","2 Adults No Kids","0"
"397","2156","45-54","50-74K","Homeowner","Married","2","2 Adults No Kids","0"
"398","2158","25-34","50-74K","Probable Renter","Unmarried","1","1 Adult No Kids","0"
"399","216","35-44","50-74K","Homeowner","Unmarried","1","1 Adult No Kids","0"
"400","2162","45-54","75-99K","Homeowner","Unmarried","1","1 Adult No Kids","0"
"401","2168","35-44","50-74K",NA,"Unmarried","1","1 Adult No Kids","0"
"402","2172","25-34","100-124K","Homeowner","Married","2","2 Adults No Kids","0"
"403","2173","25-34","35-49K",NA,NA,"2","2 Adults No Kids","0"
"404","2179","45-54","35-49K","Homeowner","Married","3","2 Adults Kids","1"
"405","218","45-54","15-24K","Homeowner","Married","2","2 Adults No Kids","0"
"406","2181","55-64","100-124K","Homeowner","Married","3","2 Adults Kids","1"
"407","2182","45-54","75-99K","Homeowner","Married","2","2 Adults No Kids","0"
"408","2183","65+","25-34K","Homeowner","Married","2","2 Adults No Kids","0"
"409","2184","25-34","50-74K",NA,"Unmarried","1","1 Adult No Kids","0"
"410","2185","25-34","125-149K","Homeowner",NA,"4","2 Adults Kids","2"
"411","2186","35-44","25-34K",NA,"Unmarried","1","1 Adult No Kids","0"
"412","2188","65+","35-49K","Homeowner","Unmarried","2","2 Adults No Kids","0"
"413","219","55-64","150-174K","Homeowner","Married","2","2 Adults No Kids","0"
"414","2190","35-44","50-74K","Homeowner","Married","4","2 Adults Kids","2"
"415","2193","25-34","50-74K","Homeowner","Married","2","2 Adults No Kids","0"
"416","2194","55-64","25-34K","Homeowner","Unmarried","1","1 Adult No Kids","0"
"417","2198","35-44","25-34K",NA,"Unmarried","1","1 Adult No Kids","0"
"418","2199","19-24","50-74K",NA,NA,"3","2 Adults Kids","1"
"419","22","45-54","75-99K","Homeowner","Married","2","2 Adults No Kids","0"
"420","220","45-54","35-49K","Homeowner","Married","2","2 Adults No Kids","0"
"421","2200","45-54","Under 15K",NA,"Unmarried","1","1 Adult No Kids","0"
"422","2203","45-54","50-74K","Homeowner","Married","2","2 Adults No Kids","0"
"423","2208","35-44","50-74K",NA,"Unmarried","3","1 Adult Kids","2"
"424","2209","25-34","35-49K","Renter","Married","5+","2 Adults Kids","3+"
"425","221","65+","15-24K",NA,"Unmarried","1","1 Adult No Kids","0"
"426","2217","35-44","15-24K",NA,"Unmarried","1","1 Adult No Kids","0"
"427","222","35-44","35-49K",NA,"Married","2","2 Adults No Kids","0"
"428","2221","65+","35-49K","Homeowner","Unmarried","1","1 Adult No Kids","0"
"429","2224","19-24","250K+","Homeowner","Unmarried","1","1 Adult No Kids","0"
"430","2231","35-44","200-249K","Homeowner","Married","2","2 Adults No Kids","0"
"431","2233","25-34","150-174K","Homeowner","Unmarried","1","1 Adult No Kids","0"
"432","2234","65+","Under 15K","Homeowner","Married","2","2 Adults No Kids","0"
"433","2235","45-54","175-199K","Homeowner",NA,"3","2 Adults Kids","1"
"434","2237","45-54","50-74K","Homeowner","Unmarried","1","1 Adult No Kids","0"
"435","2243","45-54","50-74K","Homeowner","Married","2","2 Adults No Kids","0"
"436","2250","35-44","75-99K",NA,"Unmarried","1","1 Adult No Kids","0"
"437","2252","45-54","50-74K","Homeowner","Married","4","2 Adults Kids","2"
"438","2254","19-24","35-49K",NA,"Unmarried","1","1 Adult No Kids","0"
"439","2260","45-54","25-34K","Homeowner","Unmarried","1","1 Adult No Kids","0"
"440","2264","45-54","250K+","Homeowner","Married","2","2 Adults No Kids","0"
"441","2266","25-34","35-49K","Homeowner","Unmarried","1","1 Adult No Kids","0"
"442","2269","55-64","35-49K","Homeowner","Married","2","2 Adults No Kids","0"
"443","2272","65+","25-34K","Homeowner","Married","2","2 Adults No Kids","0"
"444","2279","25-34","50-74K",NA,NA,"2","2 Adults No Kids","0"
"445","2280","35-44","15-24K","Homeowner",NA,"3","2 Adults Kids","1"
"446","2282","55-64","175-199K","Homeowner","Unmarried","1","1 Adult No Kids","0"
"447","2284","45-54","250K+","Homeowner","Married","2","2 Adults No Kids","0"
"448","2292","45-54","35-49K","Renter","Married","5+","2 Adults Kids","3+"
"449","2294","45-54","25-34K","Renter","Unmarried","4","2 Adults Kids","2"
"450","2295","35-44","35-49K","Renter","Unmarried","1","1 Adult No Kids","0"
"451","2296","35-44","125-149K","Homeowner",NA,"2","2 Adults No Kids","0"
"452","2298","65+","50-74K","Probable Renter","Married","2","1 Adult Kids","1"
"453","230","25-34","25-34K",NA,"Unmarried","1","1 Adult No Kids","0"
"454","2300","45-54","50-74K","Homeowner",NA,"2","2 Adults No Kids","0"
"455","2302","35-44","35-49K","Homeowner","Married","3","1 Adult Kids","1"
"456","2305","45-54","50-74K","Homeowner","Unmarried","1","1 Adult No Kids","0"
"457","2307","45-54","75-99K","Homeowner","Married","3","2 Adults Kids","1"
"458","2312","45-54","250K+","Homeowner","Married","2","2 Adults No Kids","0"
"459","2314","45-54","125-149K","Homeowner","Married","2","2 Adults No Kids","0"
"460","2317","35-44","50-74K","Homeowner","Married","5+","2 Adults Kids","3+"
"461","2318","19-24","Under 15K",NA,"Unmarried","1","1 Adult No Kids","0"
"462","232","35-44","35-49K",NA,NA,"2","2 Adults No Kids","0"
"463","2322","45-54","175-199K","Homeowner","Unmarried","1","1 Adult No Kids","0"
"464","2324","35-44","50-74K","Homeowner","Married","2","2 Adults No Kids","0"
"465","2328","45-54","250K+","Homeowner",NA,"2","2 Adults No Kids","0"
"466","2330","45-54","50-74K","Homeowner","Unmarried","1","1 Adult No Kids","0"
"467","2331","35-44","35-49K","Homeowner","Married","5+","2 Adults Kids","3+"
"468","2334","35-44","50-74K","Homeowner","Unmarried","1","1 Adult No Kids","0"
"469","2337","65+","Under 15K","Homeowner","Unmarried","3","1 Adult Kids","2"
"470","2341","45-54","50-74K","Homeowner","Unmarried","1","1 Adult No Kids","0"
"471","2342","55-64","100-124K","Homeowner","Unmarried","1","1 Adult No Kids","0"
"472","2343","19-24","50-74K",NA,"Unmarried","1","1 Adult No Kids","0"
"473","2347","45-54","35-49K",NA,NA,"2","2 Adults No Kids","0"
"474","235","35-44","250K+","Homeowner","Married","5+","2 Adults Kids","3+"
"475","2351","45-54","75-99K","Homeowner","Married","2","2 Adults No Kids","0"
"476","2359","45-54","25-34K","Homeowner","Married","2","2 Adults No Kids","0"
"477","2360","25-34","50-74K","Homeowner","Unmarried","1","1 Adult No Kids","0"
"478","2361","25-34","35-49K",NA,NA,"2","2 Adults No Kids","0"
"479","2364","45-54","25-34K","Renter","Married","2","2 Adults No Kids","0"
"480","2367","45-54","Under 15K",NA,NA,"2","2 Adults No Kids","0"
"481","2370","25-34","Under 15K","Homeowner","Married","2","2 Adults No Kids","0"
"482","2374","45-54","150-174K","Homeowner",NA,"2","2 Adults No Kids","0"
"483","2376","45-54","35-49K",NA,"Unmarried","1","1 Adult No Kids","0"
"484","2378","25-34","50-74K",NA,"Married","5+","2 Adults Kids","3+"
"485","2380","45-54","50-74K","Homeowner","Unmarried","1","1 Adult No Kids","0"
"486","239","45-54","50-74K","Renter","Unmarried","1","1 Adult No Kids","0"
"487","2390","25-34","50-74K",NA,"Married","2","1 Adult Kids","1"
"488","2393","35-44","75-99K","Homeowner","Unmarried","1","1 Adult No Kids","0"
"489","2397","65+","125-149K",NA,"Unmarried","2","2 Adults No Kids","0"
"490","2400","35-44","25-34K","Homeowner","Married","3","2 Adults Kids","1"
"491","2405","25-34","15-24K",NA,"Unmarried","1","1 Adult No Kids","0"
"492","2406","25-34","125-149K","Homeowner","Married","3","2 Adults Kids","1"
"493","2407","45-54","100-124K","Homeowner","Married","2","2 Adults No Kids","0"
"494","2411","65+","Under 15K","Homeowner","Married","2","2 Adults No Kids","0"
"495","242","45-54","75-99K","Homeowner","Married","5+","2 Adults Kids","3+"
"496","2420","45-54","15-24K",NA,NA,"3","2 Adults Kids","1"
"497","2421","45-54","150-174K","Homeowner","Married","5+","2 Adults Kids","3+"
"498","2426","19-24","Under 15K","Probable Renter","Unmarried","1","1 Adult No Kids","0"
"499","2427","35-44","50-74K","Homeowner","Married","3","2 Adults Kids","1"
"500","243","65+","50-74K","Homeowner",NA,"2","2 Adults No Kids","0"
"501","2432","19-24","35-49K",NA,"Unmarried","1","1 Adult No Kids","0"
"502","2435","45-54","50-74K","Homeowner","Unmarried","5+","1 Adult Kids","3+"
"503","2437","35-44","125-149K","Homeowner","Married","5+","2 Adults Kids","3+"
"504","2445","45-54","35-49K",NA,"Unmarried","1","1 Adult No Kids","0"
"505","2446","35-44","125-149K","Homeowner",NA,"2","2 Adults No Kids","0"
"506","2447","35-44","25-34K","Homeowner","Married","2","2 Adults No Kids","0"
"507","2448","45-54","50-74K","Homeowner","Married","2","2 Adults No Kids","0"
"508","2449","35-44","175-199K","Homeowner","Married","5+","2 Adults Kids","3+"
"509","2453","45-54","50-74K","Homeowner","Unmarried","1","1 Adult No Kids","0"
"510","2455","45-54","25-34K","Homeowner","Unmarried","2","2 Adults No Kids","0"
"511","2465","65+","15-24K","Homeowner","Married","2","1 Adult Kids","1"
"512","2467","35-44","75-99K","Homeowner","Married","3","2 Adults Kids","1"
"513","2479","25-34","150-174K","Homeowner",NA,"2","2 Adults No Kids","0"
"514","248","35-44","125-149K","Homeowner","Married","4","2 Adults Kids","2"
"515","2483","45-54","75-99K","Homeowner","Unmarried","1","1 Adult No Kids","0"
"516","2486","35-44","25-34K",NA,"Unmarried","1","1 Adult No Kids","0"
"517","2488","45-54","35-49K","Homeowner","Unmarried","1","1 Adult No Kids","0"
"518","2489","35-44","50-74K","Homeowner","Married","2","2 Adults No Kids","0"
"519","249","35-44","Under 15K","Renter","Married","3","2 Adults Kids","1"
"520","2494","35-44","50-74K","Homeowner",NA,"2","2 Adults No Kids","0"
"521","2496","45-54","75-99K","Homeowner","Married","3","2 Adults Kids","1"
"522","2497","45-54","35-49K",NA,"Unmarried","1","1 Adult No Kids","0"
"523","2498","25-34","50-74K","Homeowner",NA,"2","2 Adults No Kids","0"
"524","2499","25-34","Under 15K",NA,NA,"3","2 Adults Kids","1"
"525","25","35-44","50-74K",NA,"Unmarried","1","1 Adult No Kids","0"
"526","250","45-54","75-99K","Homeowner","Married","4","1 Adult Kids","2"
"527","253","45-54","Under 15K",NA,"Unmarried","1","1 Adult No Kids","0"
"528","256","25-34","50-74K","Homeowner",NA,"2","2 Adults No Kids","0"
"529","257","25-34","25-34K",NA,"Unmarried","3","1 Adult Kids","2"
"530","263","45-54","35-49K",NA,NA,"2","2 Adults No Kids","0"
"531","264","45-54","75-99K","Homeowner",NA,"2","2 Adults No Kids","0"
"532","27","45-54","25-34K","Probable Renter","Unmarried","1","1 Adult No Kids","0"
"533","276","35-44","35-49K",NA,"Unmarried","1","1 Adult No Kids","0"
"534","281","35-44","50-74K","Homeowner","Unmarried","1","1 Adult No Kids","0"
"535","282","45-54","35-49K",NA,"Unmarried","1","1 Adult No Kids","0"
"536","283","25-34","50-74K","Homeowner","Married","2","2 Adults No Kids","0"
"537","289","45-54","100-124K","Homeowner","Unmarried","1","1 Adult No Kids","0"
"538","290","25-34","35-49K",NA,NA,"2","2 Adults No Kids","0"
"539","294","25-34","50-74K","Homeowner","Married","4","2 Adults Kids","2"
"540","300","55-64","Under 15K",NA,"Married","2","1 Adult Kids","1"
"541","301","35-44","35-49K","Homeowner","Married","4","2 Adults Kids","2"
"542","302","45-54","35-49K","Homeowner",NA,"3","2 Adults Kids","1"
"543","304","25-34","50-74K",NA,NA,"2","2 Adults No Kids","0"
"544","306","19-24","35-49K","Homeowner",NA,"4","2 Adults Kids","2"
"545","309","25-34","75-99K","Homeowner","Married","2","1 Adult Kids","1"
"546","31","35-44","35-49K","Homeowner","Unmarried","2","2 Adults No Kids","0"
"547","314","45-54","75-99K","Homeowner",NA,"3","2 Adults Kids","1"
"548","317","45-54","75-99K","Homeowner","Married","2","1 Adult Kids","1"
"549","319","45-54","35-49K","Homeowner","Unmarried","4","1 Adult Kids","3+"
"550","321","45-54","100-124K","Homeowner","Married","2","2 Adults No Kids","0"
"551","324","45-54","50-74K",NA,"Unmarried","1","1 Adult No Kids","0"
"552","325","35-44","75-99K","Homeowner","Married","4","2 Adults Kids","2"
"553","329","25-34","75-99K",NA,"Unmarried","1","1 Adult No Kids","0"
"554","332","35-44","125-149K","Homeowner","Married","5+","2 Adults Kids","3+"
"555","334","45-54","Under 15K","Homeowner","Married","2","2 Adults No Kids","0"
"556","346","65+","50-74K","Homeowner","Married","2","2 Adults No Kids","0"
"557","350","45-54","50-74K","Homeowner","Married","4","1 Adult Kids","2"
"558","351","45-54","50-74K",NA,"Unmarried","1","1 Adult No Kids","0"
"559","353","45-54","150-174K","Homeowner","Married","2","2 Adults No Kids","0"
"560","354","25-34","35-49K","Homeowner","Married","5+","2 Adults Kids","3+"
"561","358","35-44","50-74K","Homeowner",NA,"2","2 Adults No Kids","0"
"562","361","45-54","50-74K",NA,"Unmarried","1","1 Adult No Kids","0"
"563","362","65+","50-74K",NA,"Unmarried","1","1 Adult No Kids","0"
"564","367","55-64","50-74K","Homeowner","Married","2","2 Adults No Kids","0"
"565","370","65+","50-74K",NA,NA,"2","2 Adults No Kids","0"
"566","371","35-44","75-99K","Homeowner","Married","3","2 Adults Kids","1"
"567","377","45-54","50-74K","Homeowner","Married","2","2 Adults No Kids","0"
"568","378","55-64","50-74K","Homeowner","Married","2","1 Adult Kids","1"
"569","381","25-34","35-49K","Homeowner","Unmarried","2","1 Adult Kids","1"
"570","383","45-54","50-74K","Homeowner","Unmarried","1","1 Adult No Kids","0"
"571","385","25-34","50-74K","Homeowner","Married","5+","2 Adults Kids","3+"
"572","386","35-44","25-34K","Probable Homeowner","Unmarried","1","1 Adult No Kids","0"
"573","387","25-34","50-74K","Homeowner","Unmarried","1","1 Adult No Kids","0"
"574","389","35-44","150-174K","Probable Homeowner","Unmarried","1","1 Adult No Kids","0"
"575","39","35-44","125-149K","Homeowner","Married","2","2 Adults No Kids","0"
"576","390","45-54","25-34K","Renter","Unmarried","1","1 Adult No Kids","0"
"577","391","65+","25-34K",NA,"Unmarried","1","1 Adult No Kids","0"
"578","392","35-44","250K+","Homeowner","Married","3","2 Adults Kids","1"
"579","395","35-44","25-34K",NA,"Unmarried","1","1 Adult No Kids","0"
"580","40","45-54","Under 15K","Homeowner",NA,"2","2 Adults No Kids","0"
"581","400","35-44","150-174K","Homeowner","Married","3","2 Adults Kids","1"
"582","404","25-34","25-34K",NA,"Married","2","2 Adults No Kids","0"
"583","409","19-24","25-34K","Homeowner","Unmarried","2","2 Adults No Kids","0"
"584","410","55-64","35-49K","Homeowner","Married","5+","2 Adults Kids","3+"
"585","411","35-44","Under 15K",NA,NA,"2","2 Adults No Kids","0"
"586","412","65+","15-24K","Homeowner","Married","2","1 Adult Kids","1"
"587","413","45-54","100-124K",NA,"Unmarried","1","1 Adult No Kids","0"
"588","417","45-54","35-49K",NA,"Married","2","1 Adult Kids","1"
"589","418","35-44","35-49K",NA,NA,"3","2 Adults Kids","1"
"590","42","65+","50-74K",NA,"Unmarried","1","1 Adult No Kids","0"
"591","426","45-54","50-74K","Homeowner",NA,"2","2 Adults No Kids","0"
"592","428","19-24","50-74K","Probable Homeowner",NA,"2","2 Adults No Kids","0"
"593","43","35-44","15-24K","Homeowner","Unmarried","5+","2 Adults Kids","3+"
"594","432","19-24","25-34K",NA,"Unmarried","1","1 Adult No Kids","0"
"595","434","35-44","15-24K","Homeowner","Married","3","2 Adults Kids","1"
"596","437","25-34","50-74K","Homeowner","Married","5+","2 Adults Kids","3+"
"597","438","35-44","50-74K","Probable Homeowner","Married","2","2 Adults No Kids","0"
"598","441","45-54","50-74K","Homeowner","Unmarried","1","1 Adult No Kids","0"
"599","442","25-34","15-24K",NA,"Unmarried","2","1 Adult Kids","1"
"600","443","45-54","25-34K","Homeowner","Married","2","2 Adults No Kids","0"
"601","451","25-34","Under 15K","Renter","Unmarried","2","2 Adults No Kids","0"
"602","454","55-64","35-49K",NA,"Unmarried","1","1 Adult No Kids","0"
"603","456","19-24","50-74K","Homeowner","Unmarried","2","2 Adults No Kids","0"
"604","458","55-64","35-49K","Homeowner","Married","2","1 Adult Kids","1"
"605","46","45-54","150-174K","Homeowner","Married","5+","2 Adults Kids","3+"
"606","460","65+","25-34K","Homeowner","Unmarried","1","1 Adult No Kids","0"
"607","462","65+","100-124K",NA,"Unmarried","1","1 Adult No Kids","0"
"608","464","65+","50-74K","Homeowner","Married","2","2 Adults No Kids","0"
"609","469","45-54","75-99K","Probable Homeowner","Unmarried","1","1 Adult No Kids","0"
"610","473","45-54","50-74K","Homeowner","Unmarried","1","1 Adult No Kids","0"
"611","48","19-24","35-49K","Homeowner",NA,"2","2 Adults No Kids","0"
"612","483","45-54","35-49K",NA,"Unmarried","1","1 Adult No Kids","0"
"613","484","25-34","15-24K",NA,NA,"2","2 Adults No Kids","0"
"614","485","35-44","25-34K","Homeowner","Unmarried","1","1 Adult No Kids","0"
"615","489","55-64","150-174K",NA,"Unmarried","1","1 Adult No Kids","0"
"616","49","35-44","35-49K","Homeowner","Married","2","2 Adults No Kids","0"
"617","490","35-44","75-99K","Homeowner","Married","5+","2 Adults Kids","3+"
"618","491","45-54","75-99K",NA,"Married","2","1 Adult Kids","1"
"619","492","45-54","50-74K","Homeowner",NA,"2","2 Adults No Kids","0"
"620","493","55-64","50-74K",NA,"Unmarried","1","1 Adult No Kids","0"
"621","510","35-44","250K+","Homeowner","Married","3","2 Adults Kids","1"
"622","513","45-54","75-99K","Homeowner",NA,"2","2 Adults No Kids","0"
"623","518","45-54","75-99K","Homeowner","Married","2","2 Adults No Kids","0"
"624","52","45-54","50-74K","Homeowner","Unmarried","2","2 Adults No Kids","0"
"625","523","65+","35-49K","Homeowner","Unmarried","1","1 Adult No Kids","0"
"626","526","45-54","50-74K",NA,"Unmarried","1","1 Adult No Kids","0"
"627","527","45-54","50-74K","Homeowner","Unmarried","1","1 Adult No Kids","0"
"628","534","45-54","35-49K",NA,"Unmarried","1","1 Adult No Kids","0"
"629","540","25-34","50-74K","Homeowner","Unmarried","1","1 Adult No Kids","0"
"630","542","25-34","35-49K",NA,"Unmarried","1","1 Adult No Kids","0"
"631","543","35-44","35-49K","Probable Homeowner","Married","3","1 Adult Kids","1"
"632","546","45-54","50-74K",NA,NA,"2","2 Adults No Kids","0"
"633","548","35-44","75-99K","Homeowner","Unmarried","2","2 Adults No Kids","0"
"634","55","65+","35-49K","Homeowner","Married","2","2 Adults No Kids","0"
"635","553","45-54","75-99K","Homeowner",NA,"2","2 Adults No Kids","0"
"636","56","55-64","100-124K","Homeowner","Married","4","2 Adults Kids","2"
"637","560","19-24","35-49K",NA,NA,"2","2 Adults No Kids","0"
"638","567","19-24","25-34K",NA,"Unmarried","1","1 Adult No Kids","0"
"639","569","35-44","250K+","Homeowner","Married","3","2 Adults Kids","1"
"640","57","45-54","35-49K","Homeowner","Unmarried","2","2 Adults No Kids","0"
"641","574","35-44","75-99K","Homeowner","Married","3","2 Adults Kids","1"
"642","575","35-44","50-74K",NA,"Unmarried","1","1 Adult No Kids","0"
"643","576","55-64","35-49K","Homeowner","Married","2","1 Adult Kids","1"
"644","578","25-34","50-74K",NA,"Unmarried","1","1 Adult No Kids","0"
"645","58","25-34","150-174K","Homeowner","Married","4","2 Adults Kids","2"
"646","582","45-54","125-149K","Homeowner","Married","3","2 Adults Kids","1"
"647","583","35-44","15-24K",NA,"Unmarried","1","1 Adult No Kids","0"
"648","586","19-24","35-49K","Renter","Married","3","2 Adults Kids","1"
"649","588","35-44","50-74K","Homeowner","Married","5+","2 Adults Kids","3+"
"650","593","35-44","35-49K",NA,"Unmarried","1","1 Adult No Kids","0"
"651","595","25-34","35-49K",NA,NA,"3","2 Adults Kids","1"
"652","596","45-54","15-24K","Homeowner","Married","3","1 Adult Kids","1"
"653","597","19-24","Under 15K",NA,"Unmarried","2","1 Adult Kids","1"
"654","598","35-44","25-34K",NA,"Unmarried","1","1 Adult No Kids","0"
"655","601","35-44","100-124K","Homeowner","Married","4","2 Adults Kids","2"
"656","605","25-34","75-99K","Homeowner","Married","4","2 Adults Kids","2"
"657","606","45-54","35-49K","Probable Renter","Unmarried","1","1 Adult No Kids","0"
"658","607","45-54","125-149K",NA,"Unmarried","1","1 Adult No Kids","0"
"659","608","25-34","25-34K","Renter","Unmarried","5+","1 Adult Kids","3+"
"660","609","45-54","50-74K",NA,"Unmarried","1","1 Adult No Kids","0"
"661","614","35-44","15-24K",NA,"Married","4","2 Adults Kids","2"
"662","621","45-54","35-49K",NA,"Unmarried","1","1 Adult No Kids","0"
"663","622","35-44","15-24K",NA,"Unmarried","1","1 Adult No Kids","0"
"664","623","45-54","35-49K","Homeowner","Married","3","2 Adults Kids","1"
"665","624","45-54","50-74K",NA,"Unmarried","1","1 Adult No Kids","0"
"666","630","35-44","35-49K","Homeowner","Married","3","2 Adults Kids","1"
"667","631","65+","100-124K","Homeowner","Married","3","2 Adults Kids","1"
"668","644","65+","75-99K","Homeowner","Married","2","2 Adults No Kids","0"
"669","647","35-44","50-74K","Renter","Married","4","2 Adults Kids","2"
"670","660","55-64","50-74K","Homeowner","Married","2","2 Adults No Kids","0"
"671","661","45-54","50-74K","Homeowner","Unmarried","1","1 Adult No Kids","0"
"672","67","45-54","Under 15K","Homeowner","Married","5+","2 Adults Kids","3+"
"673","670","55-64","35-49K",NA,"Married","3","2 Adults Kids","1"
"674","671","35-44","35-49K","Homeowner","Unmarried","1","1 Adult No Kids","0"
"675","672","35-44","25-34K",NA,NA,"2","2 Adults No Kids","0"
"676","675","35-44","50-74K",NA,NA,"2","2 Adults No Kids","0"
"677","680","45-54","50-74K","Homeowner","Unmarried","1","1 Adult No Kids","0"
"678","682","65+","125-149K","Homeowner","Married","2","2 Adults No Kids","0"
"679","685","35-44","Under 15K",NA,"Married","2","1 Adult Kids","1"
"680","688","35-44","125-149K","Homeowner","Married","3","2 Adults Kids","1"
"681","690","65+","15-24K","Homeowner","Unmarried","1","1 Adult No Kids","0"
"682","692","65+","35-49K","Homeowner","Unmarried","1","1 Adult No Kids","0"
"683","693","45-54","15-24K",NA,NA,"2","2 Adults No Kids","0"
"684","695","35-44","35-49K",NA,"Unmarried","3","1 Adult Kids","2"
"685","696","35-44","50-74K","Homeowner",NA,"2","2 Adults No Kids","0"
"686","699","45-54","50-74K","Homeowner","Married","2","2 Adults No Kids","0"
"687","7","45-54","50-74K","Homeowner","Married","2","2 Adults No Kids","0"
"688","706","45-54","50-74K","Homeowner","Unmarried","2","2 Adults No Kids","0"
"689","707","25-34","100-124K","Homeowner","Married","5+","2 Adults Kids","3+"
"690","708","35-44","100-124K","Homeowner","Married","4","2 Adults Kids","2"
"691","71","35-44","25-34K","Homeowner","Married","2","1 Adult Kids","1"
"692","712","65+","50-74K","Homeowner","Married","2","2 Adults No Kids","0"
"693","714","55-64","15-24K",NA,NA,"3","2 Adults Kids","1"
"694","715","55-64","15-24K","Homeowner","Married","2","2 Adults No Kids","0"
"695","716","45-54","75-99K","Homeowner","Married","5+","2 Adults Kids","3+"
"696","718","45-54","25-34K","Homeowner","Married","5+","2 Adults Kids","3+"
"697","722","35-44","50-74K","Homeowner","Married","2","2 Adults No Kids","0"
"698","725","45-54","25-34K",NA,"Unmarried","1","1 Adult No Kids","0"
"699","731","45-54","35-49K","Homeowner",NA,"2","2 Adults No Kids","0"
"700","732","55-64","75-99K","Homeowner","Married","4","2 Adults Kids","2"
"701","733","45-54","75-99K","Homeowner","Married","2","2 Adults No Kids","0"
"702","74","65+","15-24K","Homeowner","Married","2","2 Adults No Kids","0"
"703","740","45-54","175-199K","Homeowner","Married","2","1 Adult Kids","1"
"704","741","65+","50-74K","Homeowner",NA,"3","2 Adults Kids","1"
"705","742","35-44","15-24K","Renter","Married","4","1 Adult Kids","2"
"706","748","45-54","Under 15K","Homeowner","Unmarried","3","2 Adults Kids","1"
"707","752","35-44","75-99K","Renter","Married","2","1 Adult Kids","1"
"708","753","45-54","75-99K","Homeowner","Married","4","2 Adults Kids","2"
"709","755","35-44","50-74K","Homeowner","Unmarried","1","1 Adult No Kids","0"
"710","761","25-34","125-149K","Homeowner","Married","5+","1 Adult Kids","3+"
"711","762","35-44","125-149K","Renter","Married","2","1 Adult Kids","1"
"712","764","35-44","50-74K","Homeowner","Married","5+","2 Adults Kids","3+"
"713","766","45-54","150-174K","Homeowner","Married","2","2 Adults No Kids","0"
"714","768","35-44","50-74K","Renter","Married","2","1 Adult Kids","1"
"715","77","35-44","100-124K","Homeowner","Married","5+","2 Adults Kids","3+"
"716","770","25-34","50-74K","Homeowner","Married","5+","2 Adults Kids","3+"
"717","771","45-54","50-74K","Homeowner","Unmarried","1","1 Adult No Kids","0"
"718","779","65+","125-149K","Homeowner",NA,"3","2 Adults Kids","1"
"719","78","55-64","25-34K",NA,"Unmarried","1","1 Adult No Kids","0"
"720","784","45-54","100-124K","Homeowner","Married","2","1 Adult Kids","1"
"721","785","65+","75-99K","Homeowner","Married","2","2 Adults No Kids","0"
"722","786","19-24","75-99K","Homeowner",NA,"2","2 Adults No Kids","0"
"723","787","25-34","25-34K","Homeowner","Unmarried","1","1 Adult No Kids","0"
"724","788","25-34","Under 15K",NA,"Unmarried","2","1 Adult Kids","1"
"725","790","45-54","50-74K","Homeowner","Unmarried","1","1 Adult No Kids","0"
"726","797","25-34","75-99K","Homeowner",NA,"2","2 Adults No Kids","0"
"727","8","25-34","25-34K",NA,NA,"3","2 Adults Kids","1"
"728","80","45-54","50-74K","Homeowner",NA,"2","2 Adults No Kids","0"
"729","800","25-34","35-49K","Homeowner","Married","2","2 Adults No Kids","0"
"730","802","65+","35-49K","Homeowner",NA,"2","2 Adults No Kids","0"
"731","803","25-34","75-99K",NA,NA,"2","2 Adults No Kids","0"
"732","806","35-44","75-99K","Homeowner","Married","2","2 Adults No Kids","0"
"733","808","45-54","75-99K","Homeowner",NA,"3","2 Adults Kids","1"
"734","816","25-34","50-74K",NA,"Unmarried","1","1 Adult No Kids","0"
"735","817","35-44","150-174K","Homeowner","Married","3","2 Adults Kids","1"
"736","823","35-44","50-74K","Homeowner","Married","3","2 Adults Kids","1"
"737","825","45-54","175-199K","Homeowner","Married","2","2 Adults No Kids","0"
"738","831","45-54","50-74K","Homeowner","Unmarried","3","1 Adult Kids","2"
"739","840","35-44","75-99K","Homeowner","Married","5+","2 Adults Kids","3+"
"740","844","45-54","200-249K","Homeowner","Married","2","2 Adults No Kids","0"
"741","845","19-24","50-74K","Homeowner","Unmarried","1","1 Adult No Kids","0"
"742","85","25-34","35-49K",NA,"Unmarried","1","1 Adult No Kids","0"
"743","852","25-34","35-49K",NA,NA,"4","2 Adults Kids","2"
"744","853","25-34","175-199K",NA,"Unmarried","1","1 Adult No Kids","0"
"745","856","55-64","35-49K","Homeowner","Unmarried","1","1 Adult No Kids","0"
"746","857","65+","35-49K","Homeowner","Married","3","1 Adult Kids","1"
"747","859","25-34","50-74K",NA,"Unmarried","1","1 Adult No Kids","0"
"748","86","65+","35-49K","Homeowner","Unmarried","1","1 Adult No Kids","0"
"749","863","45-54","15-24K",NA,"Unmarried","1","1 Adult No Kids","0"
"750","864","35-44","15-24K","Homeowner","Unmarried","1","1 Adult No Kids","0"
"751","865","35-44","75-99K","Homeowner","Married","5+","2 Adults Kids","3+"
"752","866","45-54","15-24K",NA,"Unmarried","2","1 Adult Kids","1"
"753","867","45-54","75-99K","Homeowner","Unmarried","1","1 Adult No Kids","0"
"754","868","65+","35-49K","Homeowner","Married","2","2 Adults No Kids","0"
"755","871","35-44","200-249K","Homeowner","Married","3","2 Adults Kids","1"
"756","875","25-34","25-34K",NA,NA,"3","2 Adults Kids","1"
"757","878","25-34","35-49K",NA,"Unmarried","3","1 Adult Kids","2"
"758","879","35-44","50-74K","Homeowner","Unmarried","2","2 Adults No Kids","0"
"759","882","45-54","50-74K",NA,NA,"2","2 Adults No Kids","0"
"760","883","35-44","35-49K","Homeowner","Married","2","2 Adults No Kids","0"
"761","886","35-44","100-124K","Homeowner","Married","2","2 Adults No Kids","0"
"762","888","25-34","150-174K","Homeowner",NA,"3","2 Adults Kids","1"
"763","889","25-34","50-74K","Homeowner","Married","4","2 Adults Kids","2"
"764","895","45-54","150-174K",NA,"Unmarried","1","1 Adult No Kids","0"
"765","898","55-64","125-149K","Homeowner","Married","2","2 Adults No Kids","0"
"766","900","35-44","35-49K","Homeowner","Married","2","2 Adults No Kids","0"
"767","903","35-44","35-49K",NA,"Unmarried","1","1 Adult No Kids","0"
"768","906","55-64","Under 15K","Homeowner","Married","2","1 Adult Kids","1"
"769","908","45-54","100-124K","Probable Homeowner","Married","3","2 Adults Kids","1"
"770","911","25-34","125-149K","Homeowner","Married","2","2 Adults No Kids","0"
"771","914","45-54","15-24K","Homeowner","Unmarried","2","2 Adults No Kids","0"
"772","915","45-54","15-24K",NA,"Unmarried","1","1 Adult No Kids","0"
"773","920","45-54","35-49K","Homeowner","Married","5+","2 Adults Kids","3+"
"774","922","45-54","35-49K",NA,"Unmarried","1","1 Adult No Kids","0"
"775","926","35-44","Under 15K","Homeowner",NA,"2","2 Adults No Kids","0"
"776","929","45-54","25-34K","Renter","Unmarried","2","1 Adult Kids","1"
"777","932","19-24","15-24K",NA,NA,"2","2 Adults No Kids","0"
"778","934","45-54","Under 15K",NA,"Unmarried","1","1 Adult No Kids","0"
"779","939","45-54","75-99K","Homeowner",NA,"2","2 Adults No Kids","0"
"780","941","19-24","200-249K",NA,"Married","2","2 Adults No Kids","0"
"781","946","19-24","Under 15K",NA,"Unmarried","1","1 Adult No Kids","0"
"782","947","65+","35-49K","Homeowner","Unmarried","1","1 Adult No Kids","0"
"783","949","25-34","50-74K","Homeowner",NA,"2","2 Adults No Kids","0"
"784","955","19-24","Under 15K",NA,"Unmarried","1","1 Adult No Kids","0"
"785","956","45-54","50-74K","Homeowner",NA,"2","2 Adults No Kids","0"
"786","960","35-44","125-149K","Homeowner","Married","5+","2 Adults Kids","3+"
"787","968","35-44","35-49K","Renter","Unmarried","2","1 Adult Kids","1"
"788","97","45-54","75-99K",NA,"Unmarried","1","1 Adult No Kids","0"
"789","971","25-34","35-49K","Homeowner","Married","3","2 Adults Kids","1"
"790","973","35-44","50-74K","Homeowner","Married","4","2 Adults Kids","2"
"791","976","25-34","200-249K","Homeowner","Married","5+","2 Adults Kids","3+"
"792","979","35-44","35-49K","Homeowner","Unmarried","2","1 Adult Kids","1"
"793","98","35-44","35-49K",NA,"Unmarried","2","1 Adult Kids","1"
"794","981","45-54","25-34K","Homeowner","Married","2","1 Adult Kids","1"
"795","982","45-54","35-49K",NA,NA,"4","2 Adults Kids","2"
"796","983","45-54","35-49K","Homeowner","Married","3","2 Adults Kids","1"
"797","986","25-34","35-49K",NA,"Unmarried","1","1 Adult No Kids","0"
"798","992","45-54","35-49K","Homeowner","Married","3","2 Adults Kids","1"
"799","993","55-64","50-74K","Homeowner","Married","5+","1 Adult Kids","3+"
"800","996","55-64","25-34K","Homeowner","Married","2","2 Adults No Kids","0"
"801","997","45-54","75-99K","Homeowner","Unmarried","1","1 Adult No Kids","0"
